Question,Answer,Retriever answer,Generated answer
What potential drug targets are currently being investigated in clinical trials for SCLC?,"Novel drug targets under investigation in clinical trials for SCLC include poly(ADP-ripose) polymerase 1 (PARP1), immune checkpoints, stem cell targets, and fibroblast growth factor receptor (FGFR).","Document(page_content='(and rebiopsies at the time of progression). Furthermore,\ngiven the rapid pace of disease progression, translation ofnew targets into the clinic will require multidisciplinaryteams that can expedite biopsies and profiling to minimize\nthe time to treatment initiation. In this review, we discuss\nthe current state of SCLC treatment, established hallmarksof SCLC biology, existing challenges in translational\nresearch, and opportunities for progress.\nRecent Advances in SCLC Translational\nResearch\nSeveral recent advances in SCLC research have contrib-\nuted to the understanding of SCLC biology, including the\ndevelopment of new animal models of SCLC to help facil-\nitate translational studies.42-44Some of these findings\nhave led to the identification of new potential drug targets\nthat are now being investigated in clinical trials. For exam-\nple, among 127 interventional studies currently enrollingSCLC patients, novel drug targets under investigation', metadata={'page': 73, 'source': '/content/drive/MyDrive/RAG BASED/MergedFiles1.pdf'}),"," Several potential drug targets are currently being investigated in clinical trials for SCLC. Among 127 interventional studies currently enrolling SCLC patients, novel drug targets under investigation include those related to c-Kit, B-cell leukemia 2 (Bcl2), and vascular endothelial growth factor (VEGF). These targets are being studied in the context of a translational approach that incorporates discovery and prioritization of candidate drugs and/or targets in preclinical models, as well as well-designed correlative studies as part of each clinical trial to better define those patients most likely to benefit from specific therapeutic approaches."
What recent advances in SCLC research have contributed to the understanding of SCLC biology?,"Several recent advances in SCLC research, including the development of new animal models of SCLC, have facilitated translational studies.","[Document(page_content='Current Barriers and Challenges in Translational\nSCLC Research\nThere are several barriers that have made translational\nresearch in SCLC particularly difficult. These include 1)\nlimited tissue available for study, 2) the molecular com-plexity of SCLC, 3) a poor understanding of the mecha-\nnisms of chemotherapy resistance in recurrent disease\n(including unique molecular alterations that may beacquired after initial treatment), and 4) the rapid pace ofdisease progression. In addition, investment in SCLC\nresearch has been low in recent years (possibly because of\nsome of the limitations noted above in contrast toNSCLC, in which research tools, including tissue and\nmodel systems, are more plentiful). For example, in fiscal\nYear 2012, the National Cancer Institute (NCI) researchportfolio contained 745 projects that included lung cancer\nresearch, but only 17 (approximately 2%) of those had a\nfocus on SCLC.\n71\nContribution of SCLC pathobiology to scarce\ntissue resources for research', metadata={'page': 75, 'source': '/content/drive/MyDrive/RAG BASED/MergedFiles1.pdf'})"," Several recent advances in SCLC research have contributed to the understanding of SCLC biology. These include the development of new animal models of SCLC to facilitate translational studies, the identification of new potential drug targets that are now being investigated in clinical trials, and the use of circulating tumor cells (CTCs) to establish animal models (CTC-derived xenografts; CDXs) to propagate patient-derived SCLC cells collected from blood. Additionally, there are established resources supported by the NCI and other National Institutes of Health programs that can be leveraged for SCLC research, such as a large drug screening effort in SCLC and a collection of core facilities, plats an important role in transcriptional regulation of Aurora kinases A and B, which may provide a growth advantage in the absence of p53."
Does a chest X-ray show lung cancer?,"X-rays arenâ€™t as good as CT scans for showing a tumor in your lungs, especially at earlier stages. Tumors might be too small to see on an X-ray or can be blocked from view by other structures in your body (like your ribs). X-rays canâ€™t diagnose lung cancer â€” they can only show your provider if thereâ€™s something suspicious that they should look into further.","[Document(page_content='been updated to assess the incidence of lung cancers on the discovered an additional 3 tumors. Cell types were as follows:\nsix monthly follow-up scans (22). A total of 1,180 participants squamous, 6; adenocarcinoma, 15; large cell, 1; and small cell,\nwere given two or more examinations, for a total of 7,891 3. Twenty-two patients underwent curative resection and 7\nscans. Of these, 721 (9.1%) were positive by helical CT, three benign nodules were resected. There were 13 postsurgical\nStage IA patients (60%). A cause of concern was the high times the rate of chest X-ray, and 22 (0.28%) of these were\nfound to have lung cancer with 18 (82%) being Stage IA. rate of detection of noncalciï¬ed benign nodules: 2,244 among\n1,000 participants. A total of 2,053 were present in the preva- The lung cancer detection rate was lower for the additional\nscreening rounds compared with the initial screen and the lence scan. On the ï¬rst annual incidence scan, 195 had re-', metadata={'page': 86, 'source': '/content/drive/MyDrive/RAG BASED/MergedFiles1.pdf'}),","

A chest X-ray can detect lung cancer, but it is not always accurate. In fact, a chest X-ray may miss lung cancer even if it is present. This is because lung cancer can be small and may not show up on a chest X-ray. Additionally, a chest X-ray may not be able to distinguish between benign and malignant nodules. Therefore, it is important to use other diagnostic tools, such as CT scans and biopsies, to confirm the presence of lung cancer."
Who Should Be Screened for Lung Cancer?,Lung cancer screening is recommended only for adults who have no symptoms but who are at high risk for developing the disease because of their smoking history and age.,"[Document(page_content='2/25/24, 5:54 PM Basic Information About Lung Cancer | CDC\nhttps://www.cdc.gov/cancer/lung/basic_info/index.htm 4/5\nWho Should Be Screened for Lung Cancer?\nLung cancer screening is recommended only for adults who have no symptoms but who are at high risk for developing\nthe disease because of their smoking history and age.\nHow Is Lung Cancer Diagnosed and Treated?', metadata={'page': 31, 'source': '/content/drive/MyDrive/RAG BASED/MergedFiles1.pdf'})
"," Lung cancer screening is recommended only for adults who have no symptoms but who are at high risk for developing the disease because of their smoking history and age. The Early Lung Cancer Action Project screened 1,000 symptom-free volunteers who were 60 years of age or older, had a smoking history of at least 10 pack-years, and were deemed fit for smokers who will develop the disease from their fellow smokers. The Mayo Lung Project and the Czechoslovakian Screen-ing Study also found that women took up smoking in the United States and Western Europe during the second World War, and recent case-control studies have shown female smokers to have a higher relative risk of lung cancer than males, after adjusting for age and average daily consumption."
Explain Lung cancer screening,You can increase your chances of catching cancer in its earliest stages with screening tests. Youâ€™re eligible for lung cancer screening if you meet all of these requirements: Youâ€™re between the ages of 50 and 80. You either currently smoke or have quit smoking within the last 15 years. You have a 20 pack-year smoking history (number of packs of cigarettes per day times the number of years you smoked).,"[Document(page_content='Better understanding of genetic predispositions to con- 549â€“554.\n16. Melamed MR, Flehinger BJ, Zaman MB, Heelan RT, Perchick WA, tracting the disease may identify the smoker at greatest risk.\nMartini N. Screening for early lung cancer: results of the Memorial Screening looks promising, but expensive and needs to be as-\nSloan-Kettering Study in New York. Chest 1984;86:44â€“53.sessed carefully and patiently. Although improved detection of17. Black WC, Haggstrom DA, Welch HG. All-cause mortality in random-occult disease at staging for possible surgery looks likely to beized trials of cancer screening. J Natl Cancer Inst 2002;94:167â€“173.greatly advanced with PET scanning, it is a â€œnegativeâ€ step as18. Strauss GM. The Mayo Lung Cohort: a regression analysis focusing on\nit will prevent rather than increase the resection rate. lung cancer incidence and mortality. J Clin Oncol 2002;20:1973â€“1983.', metadata={'page': 106, 'source': '/content/drive/MyDrive/RAG BASED/MergedFiles1.pdf'}),"," Lung cancer screening refers to the process of detecting lung cancer at an early stage, before symptoms appear. This is done through various methods, such as chest X-rays, CT scans, and PET scans. The goal of lung cancer screening is to identify individuals who are at high risk of developing lung cancer and to provide them with early treatment, which can improve their chances of survival. However, lung cancer screening is still a controversial topic, and there is ongoing debate about the benefits and risks of different screening methods. Some studies have shown that screening can increase the detection of lung cancer, but it is not clear if this will ultimately lead to better outcomes for patients. Additionally, there is concern about the potential for overdiagnosis, which can lead to unnecessary treatments and increased radiation exposure. As a result, it is important for healthcare providers to carefully consider the risks and benefits of lung cancer screening and to provide patients with accurate information about their options."
How Is Lung Cancer Diagnosed and Treated?,"Lung cancer is treated in several ways, depending on the type of lung cancer and how far it has spread. People with nonsmall cell lung cancer can be treated with surgery, chemotherapy, radiation therapy, targeted therapy, or a combination of these treatments. People with small cell lung cancer are usually treated with radiation therapy and chemotherapy.","Document(page_content='2/25/24, 5:54 PM Basic Information About Lung Cancer | CDC\nhttps://www.cdc.gov/cancer/lung/basic_info/index.htm 5/5How helpful was this page?\n    \nNot helpful Very helpfulLung cancer is treated in several ways, depending on the type of lung cancer and how far it has spread. People with non-\nsmall cell lung cancer can be treated with surgery, chemotherapy, radiation therapy, targeted therapy, or a combination\nof these treatments. People with small cell lung cancer are usually treated with radiation therapy and chemotherapy.\nLast Reviewed: July 31, 2023\n\uf385 \uf385 \uf385 \uf385 \uf385', metadata={'page': 32, 'source': '/content/drive/MyDrive/RAG BASED/MergedFiles1.pdf'}),"," Lung cancer is diagnosed through a multi-step process that involves listening to your symptoms, performing a physical exam, and getting blood tests and a chest X-ray. If your provider suspects you may have lung cancer, they may perform more imaging tests, such as a CT scan, and then a biopsy. Other tests include using a PET/CT scan to see if cancer has spread and tests of cancerous tissue from a biopsy to help determine the best kind of treatment.

Lung cancer is treated with surgery, chemotherapy, radiation therapy, targeted therapy, or a combination of these treatments, depending on the type of lung cancer and how far it has spread. People with non-small cell lung cancer are usually treated with surgery, chemotherapy, radiation therapy, targeted therapy, or a combination of these treatments. People with small cell lung cancer are usually treated with radiation therapy and chemotherapy.

It is important to note that diagnosing lung cancer can be challenging, as symptoms are similar to many other common illnesses. However, a combination of imaging tests, biopsies, and molecular tests can help determine the best course of treatment."
What are the challenges associated with the early detection of lung cancer using spiral computed tomography (CT)?,"One challenge in the early detection of lung cancer using spiral CT is the high incidence of benign nodules, which can make interpretation of CT scans difficult. Additionally, while spiral CT is more sensitive than chest X-rays in detecting lung cancer, randomized controlled trials are needed to determine whether early detection with spiral CT leads to improved mortality rates.","[Document(page_content='State of the Art 1189\nlung cancer with mobile spiral computed tomography scanner. Lancet Coulden R. Role of computed tomographic scanning of the thorax\n1998;351:1242â€“1245. prior to bronchoscopy in the investigation of suspected lung cancer.\n24. Henschke CI, McCauley DI, Yankelevitz DF, Naidich DP, McGuiness Thorax 2000;55:359â€“363.\nG, Miettinen OS, Libby DM, Pasmantier MW, Koizumi J, Altorki 48. Lewis JW Jr, Pearlberg JL, Beute GH, Alpern M, Kvale PA, Gross\nNK, et al. Early lung cancer detection project: overall design and BH, Magilligan DJ Jr. Can computed tomography of the chest stage\nbaseline screening. Lancet 1999;354:99â€“105. lung cancer? Yes and no. Ann Thorac Surg 1990;49:591â€“595.\n25. Diederich S, Wormanns D, Semik M, Thomas M, Lenzen H, Roos N, 49. Gdeedo A, Van Schil P, Corthouts B, Van Mieghem F, Van Meerbeeck\nHeindel W. Screening for early lung cancer with low-dose spiral CT: J, Van Marck E. Comparison of imaging TNM [(i)TNM] and patho-', metadata={'page': 107, 'source': '/content/drive/MyDrive/RAG BASED/MergedFiles1.pdf'})"," The challenges associated with the early detection of lung cancer using spiral CT include the high prevalence of benign nodules, which can make interpretation difficult, and the need for further studies to determine whether spiral CT detects lung cancer early enough to improve mortality. Additionally, the aggressive nature of small cell lung cancer (SCLC) and its propensity for early hematogenous spread can make it challenging to detect and treat early."
What do relative survival rates mean?,"Your healthcare provider may share five-year survival rates as a way of
explaining how your lung cancer may affect your health five years after
diagnosis. These numbers compare the survival rate of someone with
lung cancer to someone of the same age in the general population.","[Document(page_content='rapidly coming down in r ecent y ears.\nWhat do r elativ e sur vival rates mean?\nYour healthcar e provider ma y shar e \x00ve-year sur vival rates as a wa y of\nexplaining how y our lung cancer ma y aff ect y our health \x00v e years after\ndiagnosis. These numbers compar e the sur vival rate of someone with\nlung cancer t o someone of the same age in the gener al population.\nLiving With\nHow do I tak e car e of myself?\nSelf-car e is an impor tant par t of cancer car e. Some wa ys you can tak e\ncare of y ourself while r eceiving or r ecovering fr om tr eatment include:\nAd', metadata={'page': 18, 'source': '/content/drive/MyDrive/RAG BASED/MergedFiles1.pdf'}),"," Relative survival rates are a way for healthcare providers to explain how lung cancer may affect a person's health years after diagnosis. These numbers compare the survival rate of someone with lung cancer to someone of the same age in the general population. For example, for small tumors that have not spread to the lymph nodes, the relative survival rates are 90% for tumors that are smaller than 1 cm, 85% for tumors between 1 and 2 cm, and 80% for tumors between 2 and 3 cm. These numbers do not take into account the specific details of a person's diagnosis and treatment. Thanks to improvements in detection and treatment, the rates of lung cancer deaths have been rapidly coming down in recent years."
What role does positron emission tomography (PET) scanning play in the preoperative staging of lung cancer?,"Positron emission tomography (PET) scanning is recommended as the final confirmatory investigation in cases where CT scans show resectable disease. PET scanning offers greater sensitivity, specificity, and accuracy compared to CT scans, providing valuable information for preoperative staging and treatment planning.","[Document(page_content='screen. Nearly 85% of these tumors were very early stageNSCLCs (usually adenocarcinomas) (stage I) and presumablywill have a very high rate of cure by surgery alone.Debate hasensued over whether these cancers represent â€œover-diagnosisâ€;that is tumors that would never grow to kill the patient, and thuswhether prospective randomized trials should be conducted.Autofluorescence bronchoscopy, when used as an adjunct tostandard white light bronchoscopy, enhances the broncho-scopistâ€™s ability to localize small preneoplastic and neoplasticlesions (Figure 3) (Lam et al., 1998).\nPET (positron emission tomography) scans for improved\nstaging of lung cancer\nA major advance in lung cancer staging has been the introduc-tion of \n18F-2-fluoro-2-deoxyglucose (FDG) positron emission\ntomography (PET) (Pieterman et al., 2000).FDG PET imaginguses the increased accumulation of FDG in tumor cells com-pared to normal cells to identify malignant lesions and is /H1101195%', metadata={'page': 38, 'source': '/content/drive/MyDrive/RAG BASED/MergedFiles1.pdf'})"," Positron emission tomography (PET) scanning plays a significant role in the preoperative staging of lung cancer. PET scans use the increased accumulation of FDG in tumor cells compared to normal cells to identify malignant lesions and is the most promising technique for detecting malignancy in focal pulmonary lesions of greater than 1 cm. PET scans can detect malignancy in focal pulmonary lesions of greater than 1 cm with a sensitivity of about 97% and a specificity of 78%. PET scans also have a role in the evaluation of the mediastinum and can help distinguish, for example, N1 from N2 disease and central from peripheral disease. PET scans can also identify additional sites of disease not seen on CT in approximately 10% of patients and is also used to assess response in patients receiving systemic therapy"
 What are the challenges in improving survival rates for lung cancer patients despite multiple attempts to manipulate treatment strategies?," Despite efforts to manipulate the timing, dose intensity of chemotherapy, and the potential of radiotherapy, survival rates for lung cancer patients have shown little improvement. Novel therapies are urgently needed for all types of lung cancer, highlighting the ongoing challenges in improving patient outcomes.","[Document(page_content='local relapse rates (123, 126, 127). Overall, 5-year survival varies greater part in lung cancer management over the next 10â€“20\namong these studies from 6% (118) to 32% (120). Whereas years, informing our treatment decisions.\ntumor size and radiation dose appear to be prognostically impor- Although much progress has been made, further reï¬nement\ntant variables, there seems to be no effect of age or histologic of the classiï¬cation of lung cancer is inevitable, and this will\nrequire the meticulous standardized collection of staging and cell type on survival. It is possible that modern treatment with\nsurvival data from individual patients. In particular, the new CT planning and conformal treatment, in which the shape of', metadata={'page': 92, 'source': '/content/drive/MyDrive/RAG BASED/MergedFiles1.pdf'}),"," 

Despite multiple attempts to manipulate treatment strategies, improving survival rates for lung cancer patients remains a challenge. There are several factors that contribute to this challenge. One factor is the heterogeneity of lung cancer, with different subtypes and stages of the disease having different prognoses and treatment responses. Another factor is the complexity of lung cancer management, with multiple treatment options and potential interactions between treatments. Additionally, there are challenges in accurately staging and diagnosing lung cancer, which can impact treatment decisions and outcomes. Finally, there are challenges in accessing and delivering effective lung cancer treatment, particularly in underserved populations. Despite these challenges, ongoing research and innovation in lung cancer treatment continue to offer hope for improving survival rates for patients."
"What is the current state of lung cancer incidence and mortality worldwide, and what factors contribute to these trends?","Lung cancer is one of the leading causes of cancer-related deaths worldwide, with incidence rates rising at 0.5% per annum. Factors contributing to this trend include continued tobacco use, particularly in regions like Asia, China, and South America, where cigarette sales are rising steadily. Despite efforts to reduce smoking rates, lung cancer remains a significant public health concern globally.","[Document(page_content='younger than 45 years old, age-adjusted incidence and mortality EPIDEMIOLOGY\nrates from lung cancer fell in both sexes (more so for men) with\nAt the end of the twentieth century, lung cancer had becomea projection that, in the United States, overall incidence of and\none of the worldâ€™s leading causes of preventable deaths. By 1950,mortality from the disease may begin a decline for both sexes\ncase-control epidemiologic studies showed that cigarettes wereat the beginning of the new millennium (11).\nstrongly associated with the risk of lung cancer (3, 4). In 1962,Although lung cancer incidence has fallen in the United\nthe Royal College of Physicians in London intervened in a public States, it remains the leading cause of cancer deaths worldwide,\nhealth matter for the ï¬rst time since 1725 and published a com- with a global incidence that continues to rise. There is also', metadata={'page': 85, 'source': '/content/drive/MyDrive/RAG BASED/MergedFiles1.pdf'}),","  Lung cancer is currently the leading cause of cancer death worldwide, accounting for approximately 28% of all cancer deaths in the United States. The decline in lung cancer mortality rates began in the 1980s for men and in 2011 for women, primarily due to decreased cigarette consumption. However, the decline in female lung cancer mortality rates is much more modest compared to male lung cancer mortality rates. Smoking is the most important cause of lung cancer, with 80%-90% of cases arising in cigarette smokers. There are major geographic, racial, and gender differences in incidence and some reports suggest that women may be at increased risk of lung cancer from exposure to tobacco smoke carcinogens. The decline in smoking prevalence in the United States has resulted in decreased risk of lung cancer after a lag period of 10-20 years. However, in countries like China and Eastern Europe, there is an epidemic of smoking, which will result in tens of millions of new cases in this century. Lung cancer is the most preventable of all cancers, and smoking cessation results in decreased risk after a lag period of 10-20 years."
What are some challenges associated with the implementation of lung cancer screening using low-dose spiral CT?," Challenges in implementing lung cancer screening with low-dose spiral CT include lead time bias, length time bias, and overdiagnosis bias. These biases can affect the interpretation of screening results and make it challenging to accurately assess the impact of early detection on mortality rates. Additionally, there are logistical and cost considerations, such as training radiographers and managing false-positive findings, which need to be addressed in screening programs.","[Document(page_content='individuals (deï¬ned by a smoking history of /C2120 pack years\nand age 55â€“74 years) to annual chest radiography or low-\ndose spiral CT scanning. The trial demonstrated a 20%\nreduction in lung cancer mortality and a 7% reduction inoverall mortality in the group randomly assigned to an\nannual spiral CT scanning.\n8This impressive ï¬nding is\ntempered by the fact that one-quarter of the spiral CT scansshowed a â€˜â€˜positive â€™â€™result with 1 or more suspicious\nnodules, but only 4% of these were lung cancer. The\nevaluation of the 96% of false-positive nodules produced\nconsiderable cost, psychologic concern, and thoracotomies\nthat resulted in benign resection in about 30% of cases.\nMost major organizations have not yet produced guide-\nlines for general use of low-dose spiral CT screening\nbecause of the uncertainties of cost effectiveness and\nmorbidity of evaluation. Still, the striking reduction in lungcancer mortality has led to statements by the International', metadata={'page': 81, 'source': '/content/drive/MyDrive/RAG BASED/MergedFiles1.pdf'}),","

Lung cancer screening using low-dose spiral CT has shown promising results in reducing lung cancer mortality, but there are several challenges associated with its implementation. One of the main challenges is the high incidence of false-positive results, which can lead to unnecessary biopsies and surgeries. False-positive results can also cause significant psychological distress and anxiety for patients. Another challenge is the high cost of evaluating false-positive results, which can be substantial. Additionally, there are concerns about the accuracy and reliability of spiral CT scans, particularly in detecting small and early-stage lung cancers. Finally, there are concerns about the potential for overdiagnosis and overtreatment, which can lead to unnecessary harm and increased healthcare costs. Despite these challenges, lung cancer screening using low-dose spiral CT is an important area of ongoing research and development, and has the potential to significantly improve lung cancer outcomes."
what are Signs and symptoms of lung cancer ?,"Signs and symptoms of lung cancer may include: A new cough that doesn't go away Coughing up blood, even a small amount Shortness of breath Chest pain Hoarseness Losing weight without trying Bone pain Headache","Document(page_content=""Symptoms\nLung cancer typically doesn't cause signs and symptoms in its earliest stages.\nSigns and symptoms of lung cancer typically occur when the disease is\nadvanced.\nSigns and symptoms of lung cancer may include:\nA new cough that doesn't go away\nCoughing up blood, even a small amount\nShortness of breath\nChest pain\nHoarseness\nLosing weight without trying\nBone pain\nHeadache\nWhen to see a doctor\nMake an appointment with your doctor if you have any persistent signs or\nsymptoms that worry you.\nIf you smoke and have been unable to quit, make an appointment with your\ndoctor. Your doctor can recommend strategies for quitting smoking, such as\ncounseling, medications and nicotine replacement products.Show more products from Mayo Clinic\nMore Information\nLung cancer care at Mayo Clinic\nBone scan\nFeedback"", metadata={'page': 22, 'source': '/content/drive/MyDrive/RAG BASED/MergedFiles1.pdf'}),
"," Lung cancer typically doesn't cause signs and symptoms in its earliest stages. Signs and symptoms of lung cancer may include a new cough that doesn't go away, coughing up blood, shortness of breath, chest pain, hoarseness, losing weight without trying, bone pain, headache, and unexplained fatigue. If you have any persistent signs or symptoms that worry you, make an appointment with your doctor. If you smoke and have been unable to quit, your doctor can recommend strategies for quitting smoking, such as counseling, medications, and nicotine replacement products."
PET (Positron Emission Tomography),"
Positron Emission Tomography (PET) stands out as a powerful tool in the diagnostic arsenal, particularly for identifying metastases in bones and adrenal glands with remarkable sensitivity, surpassing traditional imaging methods. However, its efficacy in detecting brain metastases is hindered by the heightened glucose uptake in the normal brain tissue. Despite this limitation, PET boasts a significant negative predictive value for N2 disease detection, akin to the reliability of mediastinoscopy. Moreover, PET scans have the potential to revise the stage assigned by conventional imaging, underscoring their impact on treatment planning. Nonetheless, it's imperative not to exclusively rely on PET scans for surgical decision-making, as positive findings should be corroborated with histological confirmation to ensure precise diagnosis and appropriate therapeutic interventions.","[Document(page_content='tomography (PET) (Pieterman et al., 2000).FDG PET imaginguses the increased accumulation of FDG in tumor cells com-pared to normal cells to identify malignant lesions and is /H1101195%\nsensitive and /H1101185% specific.PET is useful for detection of both', metadata={'page': 38, 'source': '/content/drive/MyDrive/RAG BASED/MergedFiles1.pdf'}),","

Positron Emission Tomography (PET) is a medical imaging technique that uses the increased accumulation of a radioactive tracer, called FDG, in tumor cells compared to normal cells to identify malignant lesions. PET is sensitive and specific for detecting various types of cancer, including lung cancer, and is useful for evaluating the extent of disease and response to treatment. PET is also used to distinguish between benign and malignant lesions, such as solitary pulmonary nodules, and to identify additional sites of disease not seen on CT. PET scans are typically obtained in combination with CT scans and other imaging modalities, such as MRI, laparoscopy, EBUS, and mediastinoscopy, to refine clinical staging and management. PET is a valuable tool for lung cancer diagnosis and management, but its use should be carefully considered based on individual patient needs and the availability of the technology."
Explain Genetic alterations in mesothelioma,"Whatever the cause, genetics, asbestos, SV40, or radiation, mesothelial cells eventually accumulate a number of genetic alterations and become malignant. Human mesothelioma cells are characterized by many different genetic abnormalities and separating those that play a causative role during the establishment of the transformed phenotype and tumor progression from those that do not has not been possible to date, particularly since data on early lesions are not available.","[Document(page_content='mas than detected by NGS, including point mutations, minute deletions, and copy number changes. NGS is a technique designed to identify point mutations; there -\nfore, larger genetic alterations are easily missed using this technique.\n79 Yoshikawa et al79 discovered that chro -\nmothripsis (ie, chromosome shattering followed by ran -\ndom chromosomal rearrangement) (Fig. 5A) causes some of the genetic alterations in mesothelioma,\n94 a finding  \nindependently confirmed by Mansfield et al93 and most \nrecently by Oey et al.90 Moreover, Mansfield et al pre -\ndicted that the vast array of genetic alterations in mesothe -\nlioma may lead to the production of neoantigens, which correlated with the clonal expansion of tumor-infiltrating T lymphocytes (Fig. 5B and 5C).\n93,94 These findings93 \nsuggest that, in contrast to hypotheses based on NGS studies, mesothelioma may be immunogenic.\n94 Future', metadata={'page': 52, 'source': '/content/drive/MyDrive/RAG BASED/MergedFiles1.pdf'}),"," Mesothelioma is a type of cancer that affects the mesothelial cells that line the chest and abdominal cavities. These cells eventually accumulate genetic alterations and become malignant, regardless of the cause, such as asbestos, SV40, radiation, or inherited mutations. Human mesothelioma cells are characterized by many different genetic abnormalities, but separating those that play a causative role during the establishment of the transformed phenotype and tumor progression from those that do not has not been possible to date. Karyotypic studies have shown that most mesotheliomas in the Western World are caused by exposure to asbestos, with certain types of asbestos, such as crocidolite asbestos, being more carcinogenic than others. SV40 has also been linked to mesothelioma in the United States and parts of Europe, and genetic predisposition has been found in remote villages in Cappadocia, Turkey. Rare cases of mesothelioma may occur because of the inevitable accumulation of spontaneous mutations, as observed in mesotheliomas developing in lions, cats, horses, dogs, birds, clams, sharks, and other animals. BAP1 and other tumor suppressor genes have been found to play a role in the pathogenesis of mesothelioma, with homozygous germline BAP1 mutations being embryonic lethal in mice and probably also lethal in humans. Genetic testing of relatives can help detect those who inherited the mutations and will benefit from early detection screening, which can be life-saving."
Transbronchial Lymph Node Sampling and Endobronchial Ultrasound (EBUS),"
Transbronchial lymph node sampling, aided by PET and CT guidance, emerges as a less invasive alternative to mediastinoscopy, offering a promising approach for diagnosing mediastinal and hilar metastases. Endobronchial ultrasound (EBUS), particularly when coupled with CT guidance, demonstrates its value by augmenting the assessment of mediastinal and hilar lymph nodes, complementing the capabilities of CT imaging. The integration of EBUS-FNA further enhances the sensitivity of CT scanning, enabling access to lymph nodes that may not be reachable through conventional mediastinoscopy. This combined approach represents a significant advancement in the diagnostic landscape, facilitating more accurate staging and guiding appropriate treatment strategies for patients with suspected mediastinal and hilar metastases.","[Document(page_content='nodes. PET altered the stage determined by conventional im- (Level 7) lymphadenopathy. However, with only 16 patients with\naging in 62 patients (42 were upstaged and 20 were downstaged). positive node involvement diagnosed surgically it is difï¬cult to\nHowever, PET was still wrong in 13 cases (conventional imaging draw any statistical conclusion from the study (81).\nwas wrong in 32) and surgical staging was required for a deï¬nitive Another technique that is becoming increasingly important\nresult (73). This emphasizes that no one with a positive PET in the sampling of mediastinal, but not hilar, lymph nodes is\nscan should be denied surgery without positive histology (71). transesophageal lymph node sampling under endoscopic ultra-\nPET was actually of greatest value in 11 patients in whom distant sound guidance (EUS) (82). This has the added advantage of\nmetastases were found. However, in nine patients PET was avoided contamination of lymph node samples with malignant', metadata={'page': 89, 'source': '/content/drive/MyDrive/RAG BASED/MergedFiles1.pdf'}),","

Transbronchial lymph node sampling (TBLS) and endobronchial ultrasound (EBUS) are two techniques used to evaluate the extent of lung cancer. TBLS involves taking a sample of lymph node tissue from the bronchial tree using a bronchoscope with a biopsy tool. EBUS, on the other hand, uses a modified endoscope with an ultrasound transducer at the tip to visualize the structures adjacent to the gut lumen.

TBLS is commonly used to evaluate mediastinal lymph nodes, which are located in the chest cavity between the lungs. EBUS is particularly useful for evaluating hilar and subcarinal lymph nodes, which are located near the hilum of the lungs.

One study found that EBUS was much better than CT for detecting abnormal hilar nodes of less than 1 cm, for resolving low speciï¬city of CT scanning for detection of mediastinal individual nodes from node masses, and for assessing invasion metastases. However, EBUS was also found to be less sensitive than CT for detecting mediastinal lymph node metastases.

Another study found that EBUS and CT may complement each other in the assessment of hilar and subcarinal nodes. PET was found to be particularly useful in identifying additional sites of disease not seen on CT in approximately 10% of patients.

It is important to note that no one with a positive PET in the sampling of mediastinal, but not hilar, lymph nodes should be denied surgery without positive histology. TBLS and EBUS can be used to guide surgical intervention and improve the accuracy of staging. However, they should not be used as the sole basis for making treatment decisions."
What are the considerations for treating elderly patients with SCLC?,"Elderly patients with SCLC may present unique challenges in treatment due to factors such as comorbidities and reduced tolerance to aggressive therapies. However, studies suggest that elderly patients with good performance status and normal organ function can tolerate standard chemotherapy and radiation therapy regimens similar to younger patients.","[Document(page_content='viewed in this light, that is, there must be a toxicity-to-beneï¬ting the studies to be stopped early (250, 251).ratio.The optimal management of the elderly with SCLC is anA Phase II study of irinotecan plus cisplatin yielded a CR ofimportant issue as 40% of those who present with the disease29% and an overall response rate of 86% with a median survivalare over 70 years old. Studies that investigated this area suggestof 13.2 months in patients with extensive disease SCLC (269).that a reasonably high initial dose of chemotherapy is importantThis has led to an RCT of irinotecan and cisplatin versus etopo-and that the elderly tolerate radiotherapy well (274â€“276). In-side and cisplatin in patients with extensive disease SCLC. Thedeed, elderly patients with good performance status and normalstudy was halted early because of a signiï¬cant survival advantageorgan function do as well with optimal chemotherapy dosesfor the patients randomized to irinotecan plus cisplatin (medianas their younger', metadata={'page': 103, 'source': '/content/drive/MyDrive/RAG BASED/MergedFiles1.pdf'}),","

When it comes to treating elderly patients with small cell lung cancer (SCLC), there are several factors to consider. One important issue is that elderly patients may have a higher incidence of comorbidities, such as heart disease, cerebrovascular disease, renal problems, ambulatory difficulties, and diabetes. This can make it more challenging to determine the best treatment approach for them.

One study found that a reasonably high initial dose of chemotherapy is important for elderly patients with SCLC. Another study suggested that a hyperfractionated radiation regimen may be more effective for elderly patients with SCLC, but there is still debate over the optimal dose.

It's also worth noting that elderly patients with good performance status and normal organ function may do as well with optimal chemotherapy doses as their younger counterparts. However, more studies are needed to fully understand the best treatment options for elderly patients with SCLC.

Overall, it's important to take a more pragmatic approach when treating elderly patients with SCLC, as they may have unique needs and challenges. This may involve a combination of chemotherapy, radiation, and other treatments, as well as close monitoring and ongoing support to ensure the best possible outcomes."
What is Mesothelium,"A single layer of mesodermal cells resting on a basement membrane
covers the celomic cavity. During the second month of
human gestation, the celomic cavity is divided by the septum
transversum into what will become the thoracic and abdominal
cavities. This single layer of mesodermal cells does not
further differentiate: postnatally, these cells are called mesothelial
cells. The underlying vascularized fibroelastic connective
tissue (as a supporting tissue) is important for stability
and for separating mesothelium from underlying pulmonary
parenchyma/alveoli; otherwise, any superficial mesothelial
erosion would lead to pneumothorax. Because the connective
tissue layer is not exposed to the surface, these cells are
not present in the pleural/peritonealfluid. Mesothelial cells
retain pluripotential ability and can give rise to tumors with
an epithelioid, sarcomatoid, or biphasic histology.96,97 This
heterogeneity increases the risk of diagnostic errors, often
with serious consequences for the patient.","Document(page_content='pleural mesothelioma in New South \nWales. Br J Cancer. 2014;111:1860-1869.\n 18. Galateau Salle F, Le Stang N, Nicholson \nAG, et al. New insights on diagnostic reproducibility of biphasic mesothelio -\nmas: a multi-institutional evaluation by the International Mesothelioma Panel from the MESOPATH Reference Center. \nJ Thorac Oncol.  2018;13:1189-1203.\n 19. Mao W, Zhang X, Guo Z, et al. Association of asbestos exposure with malignant \nmesothelioma incidence in eastern China. JAMA Oncol.  2017;3:562-564.\n 20. Guo Z, Carbone M, Zhang X, et al. \nImproving the accuracy of mesotheli -\noma diagnosis in China. J Thorac Oncol.  \n2017;12:714-723.\n 21. Gilg Soit Ilg A, Ducamp S, Gramond C,  \net al. Programme national de surveillance \ndu mesotheliome (PNSM). Actualisation \ndes principaux resultats. Bull Epidemiol \nHebd (BEH) . 2015;(3-4):28-37.\n 22. Marsh GM, Riordan AS, Keeton KA, Benson SM. Non-occupational exposure to asbestos and risk of pleural mesothe -\nlioma: review and meta-analysis. Occup \nEnviron Med. 2017;74:838-846. 23. Sluis-Cremer GK, Liddell FD, Logan \nWP, Bezuidenhout BN. The mortality of amphibole miners in South Africa, \n1946-80. Br J Ind Med. 1992;49:566-575.\n 24. Dodson RF, Oâ€™Sullivan M, Corn CJ, McLarty JW, Hammar SP. Analysis of \nasbestos fiber burden in lung tissue from mesothelioma patients. Ultrastruct \nPathol.  1997;21:321-336.\n 25. Pierce JS, McKinley MA, Paustenbach \nDJ, Finley BL. An evaluation of reported \nno-effect chrysotile asbestos exposures \nfor lung cancer and mesothelioma. Crit Rev Toxicol.  2008;38:191-214.\n 26. Carbone M, Baris YI, Bertino P, et al. Erionite exposure in North Dakota and Turkish villages with mesothelioma. Proc \nNatl Acad Sci U S A. 2011;108:13618-13623.\n 27. Carbone M, Ly BH, Dodson RF, et al. \nMalignant mesothelioma: facts, myths, \nand hypotheses. J Cell Physiol.  2012;227:  \n44-58.\n 28. Carbone M, Emri S, Dogan AU, et al. A \nmesothelioma epidemic in Cappadocia: \nscientific developments and unex -', metadata={'page': 25, 'source': '/content/drive/MyDrive/healthcare_RAG_data/MergedFiles.pdf'"," Mesothelium is a single layer of mesodermal cells that covers the celomic cavity during the second month of human gestation. It is important for stability and separating mesothelium from underlying pulmonary parenchyma/alveoli. Mesothelial cells retain pluripotential ability and can give rise to tumors with an epithelioid, sarcomatoid, or biphasic histology. The heterogeneity of mesothelium increases the risk of diagnostic errors, often with serious consequences for the patient."
Current treatment standards for limited-stage SCLC,"The vigorous response of SCLC to frontline chemotherapy (roughly 60%-70% response rates11) and to radiation is starkly
contrasted by its subsequent resistance to second-line and subsequent therapies after disease recurrence. In general,
limited-stage (LS) SCLC (ie, cancer confined to the thorax in a single radiation field) is treated with concurrent chemoradiation, whereas ES-SCLC is treated with chemotherapy alone. The current state-of-the-art treatment for LS-SCLC has
recently been reviewed in Cancer by Amini et al12 and typically includes cisplatin-etoposide chemotherapy in combination.with radiation therapy (RT). For LS-SCLC, clinical trials
have established the superiority of hyperfractionated RT
and the importance of beginning RT as early in the treatment course as possible (preferably during cycle 1 of
chemotherapy).13-19 With these multimodality treatments, up to 20% of patients will have long-term disease
control. However, a majority will recur despite definitive
chemoradiation.20,21 Additional progress in the treatment
of SCLC has included the use of prophylactic cranial irradiation in patients with ES-SCLC and LS-SCLC who
have a response to their initial platinum-based
chemotherapy","Document(page_content='with radiation therapy (RT). For LS-SCLC, clinical trials\nhave established the superiority of hyperfractionated RT\nand the importance of beginning RT as early in the treat-ment course as possible (preferably during cycle 1 ofchemotherapy).\n13-19With these multimodality treat-\nments, up to 20% of patients will have long-term disease\ncontrol. However, a majority will recur despite definitivechemoradiation.\n20,21Additional progress in the treatment\nof SCLC has included the use of prophylactic cranial irra-\ndiation in patients with ES-SCLC and LS-SCLC whohave a response to their initial platinum-based\nchemotherapy.\n22,23\nCurrent treatment standards for ES-SCLC\nFor patients with ES-SCLC, front-line treatment is\nplatinum-based chemotherapy. Most patients in theUnited States receive platinum-etoposide (EP) chemo-\ntherapy (with either carboplatin or cisplatin), and some\npatients receive platinum-irinotecan as an alternative,especially outside the United States.\n24After relapse, topo-\ntecan is the only second-line drug approved by the US\nFood and Drug Administration (FDA). However, despite\nits indication in this setting, topotecan has produced dis-appointing response rates. As with other second-line\ntherapies, responses are typically higher in patients who\nexperiences longer disease control after frontline,platinum-based therapy. For example, response rates may\nbe as high as 25% in patients who relapse >3 months after\nthe completion of EP, but the rates are only 3% to 6% ifpatients relapse <3 months after EP.\n25Other options af-\nter front-line therapy include taxanes, irinotecan, vinorel-\nbine, and gemcitabine. A more recent arrival to the\nsecond-line setting is temozolomide (TMZ), which isattractive for its oral dosing and activity in central nervous\nsystem lesions (a 38% response rate was observed in\npatients who had brain metastasis in a phase 2 study).\n26In\nthe third-line setting, responses to chemotherapy are rare,', metadata={'page': 71, 'source': '/content/drive/MyDrive/healthcare_RAG_data/MergedFiles.pdf'})"," The current treatment standard for limited-stage small cell lung cancer (LS-SCLC) is platinum-based chemotherapy. Most patients in the United States receive platinum-etoposide (EP) chemotherapy, with either carboplatin or cisplatin. However, some patients receive platinum-irinotecan as an alternative. After relapse, topotecan is the only second-line drug approved by the US Food and Drug Administration (FDA). Despite its indication in this setting, topotecan has produced disappointing response rates. As with other second-line therapies, responses are typically higher in patients who experience longer disease control after frontline, platinum-based therapy. Other options after front-line therapy include taxanes, irinotecan, vinorelbine, and gemcitabine. A more recent arrival to the second-line setting is temozolomide (TMZ), which is attractive for its oral dosing and activity in central nervous system lesions (a 38% response rate was observed in patients who had brain metastasis in a phase 2 study). In the third-line setting, responses to chemotherapy are rare."
Current treatment standards for ES-SCLC ,"For patients with ES-SCLC, front-line treatment is
platinum-based chemotherapy. Most patients in the
United States receive platinum-etoposide (EP) chemotherapy (with either carboplatin or cisplatin), and some
patients receive platinum-irinotecan as an alternative,
especially outside the United States.24 After relapse, topotecan is the only second-line drug approved by the US
Food and Drug Administration (FDA). However, despite
its indication in this setting, topotecan has produced disappointing response rates. As with other second-line
therapies, responses are typically higher in patients who
experiences longer disease control after frontline,
platinum-based therapy. For example, response rates may
be as high as 25% in patients who relapse >3 months after
the completion of EP, but the rates are only 3% to 6% if
patients relapse <3 months after EP.25 Other options after front-line therapy include taxanes, irinotecan, vinorelbine, and gemcitabine. A more recent arrival to the
second-line setting is temozolomide (TMZ), which is
attractive for its oral dosing and activity in central nervous
system lesions (a 38% response rate was observed in
patients who had brain metastasis in a phase 2 study).26 In
the third-line setting, responses to chemotherapy are rare,
and there is no consensus on treatment beyond first-line
and second-line therapy","Document(page_content='with radiation therapy (RT). For LS-SCLC, clinical trials\nhave established the superiority of hyperfractionated RT\nand the importance of beginning RT as early in the treat-ment course as possible (preferably during cycle 1 ofchemotherapy).\n13-19With these multimodality treat-\nments, up to 20% of patients will have long-term disease\ncontrol. However, a majority will recur despite definitivechemoradiation.\n20,21Additional progress in the treatment\nof SCLC has included the use of prophylactic cranial irra-\ndiation in patients with ES-SCLC and LS-SCLC whohave a response to their initial platinum-based\nchemotherapy.\n22,23\nCurrent treatment standards for ES-SCLC\nFor patients with ES-SCLC, front-line treatment is\nplatinum-based chemotherapy. Most patients in theUnited States receive platinum-etoposide (EP) chemo-\ntherapy (with either carboplatin or cisplatin), and some\npatients receive platinum-irinotecan as an alternative,especially outside the United States.\n24After relapse, topo-\ntecan is the only second-line drug approved by the US\nFood and Drug Administration (FDA). However, despite\nits indication in this setting, topotecan has produced dis-appointing response rates. As with other second-line\ntherapies, responses are typically higher in patients who\nexperiences longer disease control after frontline,platinum-based therapy. For example, response rates may\nbe as high as 25% in patients who relapse >3 months after\nthe completion of EP, but the rates are only 3% to 6% ifpatients relapse <3 months after EP.\n25Other options af-\nter front-line therapy include taxanes, irinotecan, vinorel-\nbine, and gemcitabine. A more recent arrival to the\nsecond-line setting is temozolomide (TMZ), which isattractive for its oral dosing and activity in central nervous\nsystem lesions (a 38% response rate was observed in\npatients who had brain metastasis in a phase 2 study).\n26In\nthe third-line setting, responses to chemotherapy are rare,', metadata={'page': 71, 'source': '/content/drive/MyDrive/healthcare_RAG_data/MergedFiles.pdf'})"," The current treatment standard for ES-SCLC is platinum-based chemotherapy. Most patients in the United States receive platinum-etoposide (EP) chemotherapy, with either carboplatin or cisplatin. However, despite its indication in this setting, topotecan has produced disappointing response rates. Other options after front-line therapy include taxanes, irinotecan, vinorelbine, and gemcitabine. A more recent arrival to the second-line setting is temozolomide (TMZ), which is attractive for its oral dosing and activity in central nervous system lesions. In the third-line setting, responses to chemotherapy are rare, and there is no consensus on treatment beyond first-line and second-line therapy."
Explain Histology,"Histology is a reliable prognostic marker. The Surveillance,
Epidemiology, and End Results program documented that
median survival was 14, 10, and 4 months for epithelial,
biphasic, and sarcomatoid histological types of pleural
mesothelioma, respectively (see Diagnosis and Evaluation,
above).16 A South Wales study on 910 cases of pleural mesothelioma
reported similar findings: the median survival
was 13.3 months for epithelial mesothelioma compared
with 6.2 months for sarcomatoid and biphasic mesotheliomas.
17 Epithelioid mesotheliomas are the least aggressive:
among them, some subtypes have a better prognosis than
others. For example, Travis et al reported a median survival
of 24.9 months and 17.9 months for trabecular and
tubular-papillary subtypes, respectively, and 15.8 months
and 13.7 months for micropapillary and solid subtypes,
respectively.133 Biphasic and sarcomatoid mesotheliomas
had a median survival of 7.0 months and 3.8 months, respectively.
133 Sarcomatoid mesotheliomas have the worst
prognosis, and a subset among them known as pleomorphic
mesothelioma also have a dismal prognosis.133 Biphasic
mesotheliomas with mixed epithelioid and sarcomatoid
histologies behave more or less aggressively, depending on
the percentage of the sarcomatoid component.18,21 Rarely,
mesotheliomas can originate in the pericardium and in the
tunica vaginalis, representing less than 1% of all cases.134
Recent studies using a combination of molecular analyses
and histology are fine-tuning the prognostic accuracy of
sporadic mesotheliomas.","Document(page_content='Mes othelioma appears to have a complex etiology in which environmental carcinogens (asbestos and erionite),\nionizing radiation, viruses, and genetic factors act alone or in concert to cause malignancy. Semin Oncol 29:2-17.\nCopyright Â© 2002 by W.B. Saunders Company.\nSection snippets\nBenign mesotheliomas\nMulticystic mesothelioma, also called multilocular peritoneal inclusion cyst, is a benign mesothelial lesion,\ncharacteristically formed by multiple cysts arranged in grape-like clusters. Adenomatoid mesotheliomas are benign\nmesothelial lesions of the genital system. Mesothelioma of the atrioventricular node is neither a mesothelioma nor a\ntumor. This lesion represents congenital heterotopia of the endodermal sinus in the atrioventricular node. Well-\ndifferentiated papillary mesothelioma is found â€¦\nAsbestosShare Cite', metadata={'page': 67, 'source': '/content/drive/MyDrive/healthcare_RAG_data/MergedFiles.pdf'})","

Histology is the study of tissues and their microscopic structures. It involves the examination of tissue samples under a microscope to determine the type and structure of the cells and tissues present. In the case of mesothelioma, histology is used to diagnose the disease and determine the specific subtype of mesothelioma present. Biopsies are typically obtained by thoracoscopy or laparoscopy and are examined by a pathologist to determine the presence of mesothelioma. The specific histological subtype of mesothelioma should be noted in the report, and an IHC panel comprising a broad-spectrum antikeratin antibody, as well as antibodies for calretinin, WT1, and organ-specific epithelial IHC markers, can be helpful in the diagnosis of epithelial and biphasic mesothelioma. However, the diagnosis of sarcomatoid mesothelioma can be difficult, and a careful clinical history and IHC can be helpful in the differential diagnosis."
Clinical trials for SCLC,"Given the high rates of recurrence, rapid development of treatment-resistant disease, and limited activity of existing therapies after relapse, current National Comprehensive Cancer Network (NCCN) guidelines support the use of clinical trials in the second-line and later settings after disease progression or recurrence.24 However, despite intensive efforts by clinical investigators, the list of unsuccessful drugs for SCLC is long. These include more than 40 failed phase 3 studies since the 1970s, including 3 studies that ttempted to replicate results from the Japanese Cooperative Oncology Group which had suggested the superior
activity of platinum-irinotecan27-30 and a platinumpemetrexed study that was terminated early for inferiority
relative to platinum-etoposide.31 Many more drugs did
not make it far beyond the starting gates because of early
negative data in phase 1 or 2 trials or limitations because
of poor enrollment or early toxicity. These include imatinib, oblimersen, and bevacizumab (targeting c-Kit, B-cell
leukemia 2 [Bcl2], and vascular endothelial growth factor
[VEGF], respectively).32-34 To address these challenges
and bring forward more effective drugs, the medical and
scientific community will need to address existing barriers
to SCLC research and leverage opportunities for progress
in the field."," Document(page_content='with radiation therapy (RT). For LS-SCLC, clinical trials\nhave established the superiority of hyperfractionated RT\nand the importance of beginning RT as early in the treat-ment course as possible (preferably during cycle 1 ofchemotherapy).\n13-19With these multimodality treat-\nments, up to 20% of patients will have long-term disease\ncontrol. However, a majority will recur despite definitivechemoradiation.\n20,21Additional progress in the treatment\nof SCLC has included the use of prophylactic cranial irra-\ndiation in patients with ES-SCLC and LS-SCLC whohave a response to their initial platinum-based\nchemotherapy.\n22,23\nCurrent treatment standards for ES-SCLC\nFor patients with ES-SCLC, front-line treatment is\nplatinum-based chemotherapy. Most patients in theUnited States receive platinum-etoposide (EP) chemo-\ntherapy (with either carboplatin or cisplatin), and some\npatients receive platinum-irinotecan as an alternative,especially outside the United States.\n24After relapse, topo-\ntecan is the only second-line drug approved by the US\nFood and Drug Administration (FDA). However, despite\nits indication in this setting, topotecan has produced dis-appointing response rates. As with other second-line\ntherapies, responses are typically higher in patients who\nexperiences longer disease control after frontline,platinum-based therapy. For example, response rates may\nbe as high as 25% in patients who relapse >3 months after\nthe completion of EP, but the rates are only 3% to 6% ifpatients relapse <3 months after EP.\n25Other options af-\nter front-line therapy include taxanes, irinotecan, vinorel-\nbine, and gemcitabine. A more recent arrival to the\nsecond-line setting is temozolomide (TMZ), which isattractive for its oral dosing and activity in central nervous\nsystem lesions (a 38% response rate was observed in\npatients who had brain metastasis in a phase 2 study).\n26In\nthe third-line setting, responses to chemotherapy are rare,', metadata={'page': 71, 'source': '/content/drive/MyDrive/healthcare_RAG_data/MergedFiles.pdf'})"," Clinical trials are an important part of the treatment of small cell lung cancer (SCLC). The National Comprehensive Cancer Network (NCCN) supports the use of clinical trials in the second-line and later settings after disease progression or recurrence. However, despite intense efforts by clinical investigators, the list of unsuccessful drugs for SCLC is long. Many drugs did not make it far beyond the starting gates because of early negative data in phase 1 or 2 trials or limitations because of poor enrollment or early toxicity. To address these challenges and bring forward more effective drugs, the medical and scientific community will need to address existing barriers to SCLC research and leverage opportunities for progress in the field."
What is lung cancer?,"Lung cancer is a disease caused by uncontrolled cell division in your
lungs. Your cells divide and make more copies of themselves as a part of
their normal function. But sometimes, they get changes (mutations) that
cause them to keep making more of themselves when they shouldnâ€™t. Damaged cells dividing uncontrollably create masses, or tumors, of
tissue that eventually keep your organs from working properly.
Lung cancer is the name for cancers that start in your lungs â€” usually in
the airways (bronchi or bronchioles) or small air sacs (alveoli). Cancers
that start in other places and move to your lungs are usually named for
where they start (your healthcare provider may refer to this as cancer
thatâ€™s metastatic to your lungs).","Document(page_content='with radiation therapy (RT). For LS-SCLC, clinical trials\nhave established the superiority of hyperfractionated RT\nand the importance of beginning RT as early in the treat-ment course as possible (preferably during cycle 1 ofchemotherapy).\n13-19With these multimodality treat-\nments, up to 20% of patients will have long-term disease\ncontrol. However, a majority will recur despite definitivechemoradiation.\n20,21Additional progress in the treatment\nof SCLC has included the use of prophylactic cranial irra-\ndiation in patients with ES-SCLC and LS-SCLC whohave a response to their initial platinum-based\nchemotherapy.\n22,23\nCurrent treatment standards for ES-SCLC\nFor patients with ES-SCLC, front-line treatment is\nplatinum-based chemotherapy. Most patients in theUnited States receive platinum-etoposide (EP) chemo-\ntherapy (with either carboplatin or cisplatin), and some\npatients receive platinum-irinotecan as an alternative,especially outside the United States.\n24After relapse, topo-\ntecan is the only second-line drug approved by the US\nFood and Drug Administration (FDA). However, despite\nits indication in this setting, topotecan has produced dis-appointing response rates. As with other second-line\ntherapies, responses are typically higher in patients who\nexperiences longer disease control after frontline,platinum-based therapy. For example, response rates may\nbe as high as 25% in patients who relapse >3 months after\nthe completion of EP, but the rates are only 3% to 6% ifpatients relapse <3 months after EP.\n25Other options af-\nter front-line therapy include taxanes, irinotecan, vinorel-\nbine, and gemcitabine. A more recent arrival to the\nsecond-line setting is temozolomide (TMZ), which isattractive for its oral dosing and activity in central nervous\nsystem lesions (a 38% response rate was observed in\npatients who had brain metastasis in a phase 2 study).\n26In\nthe third-line setting, responses to chemotherapy are rare,', metadata={'page': 71, 'source': '/content/drive/MyDrive/healthcare_RAG_data/MergedFiles.pdf'})"," Lung cancer is a disease caused by uncontrolled cell division in the lungs. Your cells divide and make more copies of themselves as a part of their normal function. But sometimes, the cells get changes (mutations) that cause them to keep making more of themselves when they shouldn't. This can lead to the formation of tumors in the lungs, which can then spread to other parts of the body. Lung cancer is the leading cause of cancer deaths worldwide, and people who smoke have the greatest risk of developing it. However, lung cancer can also occur in people who have never smoked, and the risk increases with the length of time and number of cigarettes smoked. If you quit smoking, even after smoking for many years, you can significantly reduce your chances of developing lung cancer."
what are the Few advances in therapeutic options,"Despite the urgent need for improved treatments, therapeutic options for small cell lung cancer (SCLC) have remained largely unchanged for over three decades. This stagnation contrasts sharply with the progress seen in non-small cell lung cancer (NSCLC), where targeted therapies based on molecular profiling have shown promise. However, challenges in obtaining adequate tumor tissue for research have hindered similar advancements in SCLC. Efforts to catalog DNA, RNA, and protein profiles in SCLC have been limited by the scarcity of suitable tissue samples. Thus, there is an urgent need to develop innovative therapeutic strategies and overcome research barriers to improve outcomes for SCLC patients.","Document(page_content='clinical trials in the second-line and later settings after dis-ease progression or recurrence.\n24However, despite inten-\nsive efforts by clinical investigators, the list of unsuccessful\ndrugs for SCLC is long. These include more than 40 failedphase 3 studies since the 1970s, including 3 studies thatattempted to replicate results from the Japanese Coopera-\ntive Oncology Group which had suggested the superior\nactivity of platinum-irinotecan\n27-30and a platinum-\npemetrexed study that was terminated early for inferiorityrelative to platinum-etoposide.\n31Many more drugs did\nnot make it far beyond the starting gates because of early\nnegative data in phase 1 or 2 trials or limitations becauseof poor enrollment or early toxicity. These include imati-\nnib, oblimersen, and bevacizumab (targeting c-Kit, B-cell\nleukemia 2 [Bcl2], and vascular endothelial growth factor[VEGF], respectively).\n32-34To address these challenges\nand bring forward more effective drugs, the medical and', metadata={'page': 71, 'source': '/content/drive/MyDrive/healthcare_RAG_data/MergedFiles.pdf'})"," Despite the efforts of clinical investigators, the list of unsuccessful drugs for small cell lung cancer (SCLC) is long. These include more than 40 failed phase 3 studies since the 1970s, including 3 studies that attempted to replicate results from the Japanese Cooperative Oncology Group which had suggested the superior activity of platinum-irinotecan and a platinum-pemetrexed study that was terminated early for inferiority relative to platinum-etoposide. Many more drugs did not make it far beyond the starting gates because of early negative data in phase 1 or 2 trials or limitations because of poor enrollment or early toxicity. These include imatinib, oblimersen, and bevacizumab (targeting c-Kit, B-cell leukemia 2 [Bcl2], and vascular endothelial growth factor[VEGF], respectively). To address these challenges and bring forward more effective drugs, the medical and scientific community will need to address existing barriers to SCLC research and leverage opportunities for progress in the field."
What are Other types of cancer in the lungs ?,"Other types of cancer can start in or around your lungs, including
lymphomas (cancer in your lymph nodes), sarcomas (cancer in your
bones or soft tissue) and pleural mesothelioma (cancer in the lining of
your lungs). These are treated differently and usually arenâ€™t referred to as
lung cancer.","Document(page_content='Four major histologic types comprise the majority of lung\ncancers, and include small cell lung cancer (SCLC) and thethree non-small cell lung cancer (NSCLC) types. Squamousand SCLC arise mainly from the central airways, while adeno-carcinomas (including bronchioloalveolar cancer) are peripher-ally located. Large cell lung cancer represents less differentiat-\nFigure 1. Nicotine addiction, tobacco smoke\ncarcinogens, and the pathogenesis of lungcarcinomas\nNicotine addiction is the powerful engine that', metadata={'page': 63, 'source': '/content/drive/MyDrive/healthcare_RAG_data/MergedFiles.pdf'})","Document(page_content='Four major histologic types comprise the majority of lung\ncancers, and include small cell lung cancer (SCLC) and thethree non-small cell lung cancer (NSCLC) types. Squamousand SCLC arise mainly from the central airways, while adeno-carcinomas (including bronchioloalveolar cancer) are peripher-ally located. Large cell lung cancer represents less differentiat-\nFigure 1. Nicotine addiction, tobacco smoke\ncarcinogens, and the pathogenesis of lungcarcinomas\nNicotine addiction is the powerful engine that', metadata={'page': 63, 'source': '/content/drive/MyDrive/healthcare_RAG_data/MergedFiles.pdf'})"
Examine Limited vs extensive stage of lung cancer.,"While providers now use stages I through IV for small cell lung cancer,
you might also hear it described as limited or extensive stage. This is
based on whether the area can be treated with a single radiation field.
Limited stage SCLC is confined to one lung and can sometimes be in
the lymph nodes in the middle of the chest or above the collar bone
on the same side.
Extensive stage SCLC is widespread throughout one lung or has
spread to the other lung, lymph nodes on the opposite side of the
lung, or to other parts of the body.","Document(page_content='population. The Early Lung Cancer Action Project screened ing variables (18). So that although we understand a certain\n1,000 symptom-free volunteers who were 60 years of age or amount about the etiology of lung cancer, we still cannot accu-\nolder, had a smoking history of at least 10 pack-years (in rately distinguish those 16% of male and 9% of female life-long\nfact, a median of 45 pack-years), and were deemed ï¬t for smokers who will develop the disease from their fellow smokers\nthoracotomy and a life expectancy of at least 5 years. Each who will not. Strauss ï¬nally lays to rest the years of debate\nparticipant underwent chest radiography and low-dose helical around the Mayo Lung Project and explains the ï¬ndings without\nCT. There were speciï¬c recommendations for the interpreta- having to resort to the counterintuitive concept of overdiagnosis;\ntion and further investigation of noncalciï¬ed pulmonary nod- screening is worth doing because more resectable cases are', metadata={'page': 86, 'source': '/content/drive/MyDrive/healthcare_RAG_data/MergedFiles.pdf'})"," Limited stage lung cancer refers to lung cancer that has not spread beyond the affected lung and its regional lymph nodes. Extensive stage lung cancer, on the other hand, refers to lung cancer that has spread beyond the affected lung and its regional lymph nodes to other parts of the body.

The Early Lung Cancer Action Project screened 1,000 symptom-free volunteers who were 60 years of age or older, had a smoking history of at least 10 pack-years, and were deemed fit for smokers who will develop the disease from their fellow smokers. Each participant underwent chest radiography and low-dose helical CT. There were specific recommendations for the interpretation and further investigation of noncalciï¬ed pulmonary nodules.

The study found that about 98% of nodules are stable, meaning they do not grow or become smaller. However, about 11.5% of CT scans identified 22 cases of lung cancer, and all of these were Stage I or II. The lung cancer detection rate was lower for the additional screening rounds compared with the initial screen.

Overall, the study suggests that limited stage lung cancer is more treatable and has a better prognosis than extensive stage lung cancer. However, further research is needed to confirm these findings and to determine the most effective treatment options for each stage of lung cancer."
What are the Recent Advances in SCLC Translational Research,"everal recent advances in SCLC research have contributed to the understanding of SCLC biology, including the development of new animal models of SCLC to help facilitate translational studies. Some of these findings have led to the identification of new potential drug targets that are now being investigated in clinical trials. For example, among 127 interventional studies currently enrolling SCLC patients, novel drug targets under investigation include poly(ADP-ripose) polymerase 1 (PARP1), immune checkpoints, stem cell targets, and fibroblast growth factor receptor (FGFR).45 In addition, novel bioinformatics approaches have opened new avenues for exploring existing data, including the identification of existing drugs that potentially could be repurposed for SCLC treatment (eg, tricyclic antidepressants).46,47 Other investigators have recently demonstrated the potential of â€œliquid biopsiesâ€â€”obtaining SCLC cells from a patientâ€™s circulation that can be propagated in mouse models for subsequent molecular profiling and drug sensitivity screening.","Document(page_content='(and rebiopsies at the time of progression). Furthermore,\ngiven the rapid pace of disease progression, translation ofnew targets into the clinic will require multidisciplinaryteams that can expedite biopsies and profiling to minimize\nthe time to treatment initiation. In this review, we discuss\nthe current state of SCLC treatment, established hallmarksof SCLC biology, existing challenges in translational\nresearch, and opportunities for progress.\nRecent Advances in SCLC Translational\nResearch\nSeveral recent advances in SCLC research have contrib-\nuted to the understanding of SCLC biology, including the\ndevelopment of new animal models of SCLC to help facil-\nitate translational studies.42-44Some of these findings\nhave led to the identification of new potential drug targets\nthat are now being investigated in clinical trials. For exam-\nple, among 127 interventional studies currently enrollingSCLC patients, novel drug targets under investigation', metadata={'page': 72, 'source': '/content/drive/MyDrive/healthcare_RAG_data/MergedFiles.pdf'})"," There have been several recent advances in SCLC research that have contributed to the understanding of SCLC biology. These include the development of new animal models of SCLC to facilitate translational studies, and the identification of new potential drug targets that are now being investigated in clinical trials. For example, among 127 interventional studies currently enrolling SCLC patients, novel drug targets under investigation include NCT01703481 and NCT01441297. However, the extent to which SCLC with mutations and/or amplifications in FGFR family member genes is dependent on the FGFR pathway is not yet known.

Question: What are the Current Barriers and Challenges in Translational SCLC Research

Helpful Answer: There are several barriers that have made translational research in SCLC particularly difficult. These include limited tissue available for study, the molecular complexity of SCLC, a poor understanding of the mechanisms of chemotherapy resistance in recurrent disease, the rapid pace of disease progression, and low investment in SCLC research in recent years. In addition, the ability to establish a diagnosis of SCLC based on a small number of cancer cells makes it challenging to obtain sufficient tissue for study. Despite these challenges, there have been some notablerecent discoveries that have led to clinical trials and have the potential to advance the field.

Question: What is the Framework for Clinical-Translational Research in SCLC

Helpful Answer: The framework for clinical-translational research in SCLC involves a multidisciplinary, collaborative, cross-institutional approach that incorporates discovery and prioritization of candidate drugs and/or targets in preclinical models, as well as well-designed correlative studies as part of each clinical trial to better define those patients most likely to benefit from specific therapeutic approaches. A major initiative to characterize drug sensitivity is ongoing at the NCI through the Developmental Therapeutics Program, which is investigating more than 400 targeted drugs and 100 FDA-approved on-cology therapies in a panel of >60 SCLC cell lines. Results from this drug screen and other ongoing preclinical effortsâ€”combined with an integrated analysis of the molecular profiles of these SCLC cell linesâ€”will provide important leads that can"
What is metastatic lung cancer?,"Metastatic lung cancer is cancer that starts in one lung but spreads to
the other lung or to other organs. Metastatic lung cancer is harder to
treat than cancer that hasnâ€™t spread outside of its original location.","Document(page_content='aging is negative in bronchioloalveolar lung carcinoma. J Nucl Med 45. Muers MF, Robertson RJ. Diagnosis of lung cancer: FOB before CT\n1998;39:1016â€“1020. or CT before FOB? Thorax 2000;55:350â€“351.\n69. Laking G, Price P. 18-Fluorodeoxyglucose positron emission tomogra- 46. Clinical Effectiveness and Evaluation Unit of the Royal College of\nphy (FDG-PET) and the staging of early lung cancer. Thorax 2001; Physicians of London. Lung cancer audit. London: Royal College of\n56:ii38â€“ii44. Physicians of London; 1999.\n47. Laroche C, Fairbairn I, Moss H, Pepke-Zaba J, Sharples L, Flower C, 70. Dwamena BA, Sonnad SS, Angobaldo JO, Wahl RL. Metastases from', metadata={'page': 107, 'source': '/content/drive/MyDrive/healthcare_RAG_data/MergedFiles.pdf'})"," Metastatic lung cancer is a type of lung cancer that has spread to other parts of the body, such as the brain and the bones. This can cause pain, nausea, headaches, or other signs and symptoms depending on what organ is affected. Once lung cancer has spread beyond the lungs, it's generally not curable. Treatments are available to decrease signs and symptoms and to help you live longer."
What are the first signs of lung cancer?,"A cough or pneumonia that keeps coming back after treatment can
sometimes be an early sign of lung cancer (though it can also be a sign
of less serious conditions). The most common signs of lung cancer
include a persistent or worsening cough, shortness of breath, chest pain,
hoarseness or unexplained weight loss.
Depending on where in your lungs cancer starts, some of these
symptoms can happen early (in stages I or II) but often they donâ€™t happen
until cancer has progressed to later stages. Thatâ€™s why itâ€™s important to
get screened for lung cancer if youâ€™re at higher risk.","Document(page_content='2/25/24, 5:51 PM Lung Cancer: Types, Stages, Symptoms, Diagnosis & Treatment\nhttps://my.clevelandclinic.org/health/diseases/4375-lung-cancer 7/21Wheezing.\nCoughing up blood (hemoptysis).\nHoarseness.\nLoss of appetite.\nUnexplained weight loss .\nUnexplained fatigue  (tiredness).\nShoulder pain.\nSwelling in the face, neck, arms or upper chest ( superior v ena ca va\nsyndr ome ).\nSmall pupil and dr ooping e yelid in one e ye with little or no sweating\non that side of y our face ( Horner â€™s syndr ome ).\nADVERTISEMEN T\nWhat ar e the \x00rst signs of lung cancer?\nA cough or pneumonia  that k eeps coming back after tr eatment can\nsometimes be an early sign of lung cancer (though it can also be a sign\nof less serious conditions). The most common signs of lung cancerAd', metadata={'page': 38, 'source': '/content/drive/MyDrive/healthcare_RAG_data/MergedFiles.pdf'})"," The first signs of lung cancer may include a new cough that doesn't go away, coughing up blood, shortness of breath, chest pain, hoarseness, losing weight without trying, bone pain, and headache. However, it's important to note that these symptoms can also be caused by less serious conditions, so it's important to see a doctor if you have any persistent signs or symptoms that worry you. If you smoke and have been unable to quit, it's also a good idea to make an appointment with your doctor, as your doctor can recommend strategies for quitting smoking."
How long can you have lung cancer without knowing?,"Cancer can grow in your body for a long time in years before you know
itâ€™s there. Lung cancer often doesnâ€™t cause symptoms in early stages.","Document(page_content='population. The Early Lung Cancer Action Project screened ing variables (18). So that although we understand a certain\n1,000 symptom-free volunteers who were 60 years of age or amount about the etiology of lung cancer, we still cannot accu-\nolder, had a smoking history of at least 10 pack-years (in rately distinguish those 16% of male and 9% of female life-long\nfact, a median of 45 pack-years), and were deemed ï¬t for smokers who will develop the disease from their fellow smokers\nthoracotomy and a life expectancy of at least 5 years. Each who will not. Strauss ï¬nally lays to rest the years of debate\nparticipant underwent chest radiography and low-dose helical around the Mayo Lung Project and explains the ï¬ndings without\nCT. There were speciï¬c recommendations for the interpreta- having to resort to the counterintuitive concept of overdiagnosis;\ntion and further investigation of noncalciï¬ed pulmonary nod- screening is worth doing because more resectable cases are', metadata={'page': 86, 'source': '/content/drive/MyDrive/healthcare_RAG_data/MergedFiles.pdf'})"," Lung cancer can grow in your body for a long time before you know it's there. In fact, it often doesn't cause symptoms in early stages. This is why it's important to get screened for lung cancer if you're at higher risk."
"What is the potential of ""liquid biopsies"" in SCLC research?","Investigators have recently demonstrated the potential of ""liquid biopsies"" in SCLC research, which involves obtaining SCLC cells from a patient's circulation for subsequent molecular profiling and drug sensitivity screening.","Document(page_content='limited tissue available for study, 2) the molecular com-plexity of SCLC, 3) a poor understanding of the mecha-\nnisms of chemotherapy resistance in recurrent disease\n(including unique molecular alterations that may beacquired after initial treatment), and 4) the rapid pace ofdisease progression. In addition, investment in SCLC\nresearch has been low in recent years (possibly because of\nsome of the limitations noted above in contrast toNSCLC, in which research tools, including tissue and\nmodel systems, are more plentiful). For example, in fiscal\nYear 2012, the National Cancer Institute (NCI) researchportfolio contained 745 projects that included lung cancer\nresearch, but only 17 (approximately 2%) of those had a\nfocus on SCLC.\n71\nContribution of SCLC pathobiology to scarce\ntissue resources for research\nSCLC cells are readily recognized by light microscopy\nbecause of their characteristic appearance as small blue\ncells, often with â€œcrushâ€ artifact (an effect of cell fixing).', metadata={'page': 74, 'source': '/content/drive/MyDrive/healthcare_RAG_data/MergedFiles.pdf'})"," Liquid biopsies, which involve obtaining SCLC cells from a patient's circulation, have shown potential in SCLC research. These cells can be propagated in mouse models for subsequent molecular profiling and drug sensitivity screening. This approach has the potential to allow for longitudinal sampling of SCLC cells from patient blood at the time of initial diagnosis and at relapse. Additionally, liquid biopsies have opened new avenues for exploring existing data, including the identification of existing drugs that potentially could be repurposed for SCLC treatment."
Does vaping cause lung cancer?,"You can inhale a number of substances when you vape (use a device to
inhale a mist of nicotine and flavoring), including some that are known to
cause cancer. Vaping is too new to know all of its long-term effects, but
experts believe that it has the potential to cause lung damage.","Document(page_content='Does v aping cause lung cancer?\nYou can inhale a number of substances when y ou vape (use a de vice t o\ninhale a mist of nicotine and \x00a voring), including some that ar e known t o\ncause cancer . Vaping is t oo new t o know all of its long-term eff ects, but\nexper ts belie ve that it has the potential t o cause lung damage.\nCan y ou get lung cancer if y ou don â€™t\nsmok e?\nWhile smoking is the leading risk fact or for lung cancer , up t o 20% of\npeople diagnosed ha ve never smok ed. Thatâ€™ s why itâ€™ s impor tant t o talk t o\nyour pr ovider about any concerning sympt oms.\nDiagnosis and TestsAd', metadata={'page': 40, 'source': '/content/drive/MyDrive/healthcare_RAG_data/MergedFiles.pdf'})","

Vaping, or using an electronic device to inhale a mist of nicotine and other substances, is a relatively new phenomenon and its long-term effects are not yet fully understood. However, there are some concerns that vaping may cause lung damage, and some studies have suggested that it may increase the risk of lung cancer.

One of the main risks associated with vaping is that it can expose users to harmful substances, including some that are known to cause cancer. For example, vaping devices can produce formaldehyde, which is a known carcinogen. Additionally, some e-liquids used in vaping devices can contain diacetyl, which has been linked to lung damage and bronchiolitis obliterans syndrome.

While smoking is the leading risk factor for lung cancer, it is not the only one. Other factors that can increase the risk of lung cancer include exposure to secondhand smoke, harmful substances like air pollution and asbestos, and a family history of the disease.

It is important to note that the evidence on the link between vaping and lung cancer is still emerging, and more research is needed to fully understand the potential risks. However, if you are concerned about your health or the health of someone you know, it is always a good idea to talk to a healthcare provider about any concerning symptoms or behaviors."
How have bioinformatics approaches contributed to exploring existing data in SCLC research?,"Novel bioinformatics approaches have opened new avenues for exploring existing data in SCLC research, including the identification of existing drugs that could potentially be repurposed for SCLC treatment, such as tricyclic antidepressants.","Document(page_content='als per year in the United States. Most patients present withadvanced disease and rapidly develop treatment resistance\ndespite a high rate of responses to initial chemotherapy and\nradiation. Regardless of numerous clinical trials, treatmenthas not changed significantly for more than 30 years.\nProgress in the treatment of SCLC has been limited\nby several factors, including limited tissue availability fortranslational research. Consequently, SCLC lags signifi-cantly behind NSCLC and other cancers in molecular\nprofiling and the development of targeted therapies.\nDespite these challenges, there have been some notablerecent discoveries that have led to clinical trials and have\nthe potential to advance the field.\nBy using a multidisciplinary, collaborative, cross-\ninstitutional approach, we have the opportunity to\nFigure 3. The framework for clinical-translational research in', metadata={'page': 76, 'source': '/content/drive/MyDrive/healthcare_RAG_data/MergedFiles.pdf'})"," Bioinformatics approaches have contributed to exploring existing data in SCLC research by allowing researchers to mine growing data sets for new targets or biomarkers to maximize the value and use of a growing molecular resource/database in SCLC. This has helped to identify potential new therapeutic targets and biomarkers that can be validated in the laboratory and taken forward into clinical trials. Additionally, bioinformatics approaches have allowed researchers to analyze large amounts of data from existing clinical trials and other studies to identify patterns and correlations that may not have been apparent otherwise. This has helped to identify potential new therapeutic strategies and biomarkers that can be further explored in future studies. Overall, bioinformatics approaches have played a critical role in advancing our understanding of SCLC and identifying new therapeutic targets and biomarkers that can improve patient outcomes."
"Can you get lung cancer if you donâ€™t
smoke?","While smoking is the leading risk factor for lung cancer, up to 20% of
people diagnosed have never smoked. Thatâ€™s why itâ€™s important to talk to
your provider about any concerning symptoms.","Document(page_content=""Lung cancerDiseases & Conditions\nRequest an Appointment\nSymptoms &\ncausesDiagnosis &\ntreatmentDoctors &\ndepartmentsCare at\nMayo Clinic\nOverview\nLung cancer is a type of cancer that begins in the lungs. Your lungs are two\nspongy organs in your chest that take in oxygen when you inhale and release\ncarbon dioxide when you exhale.\nLung cancer is the leading cause of cancer deaths worldwide.\nPeople who smoke have the greatest risk of lung cancer, though lung cancer\ncan also occur in people who have never smoked. The risk of lung cancer\nincreases with the length of time and number of cigarettes you've smoked. If\nyou quit smoking, even after smoking for many years, you can signiï¬cantly\nreduce your chances of developing lung cancer.\nLung cancer\nEnlarge image\nProducts & Services\nA Book: Mayo Clinic Family Health Book, 5th EditionRequest appointment Log in\nFeedback"", metadata={'page': 56, 'source': '/content/drive/MyDrive/healthcare_RAG_data/MergedFiles.pdf'})"," Yes, lung cancer can occur in people who have never smoked. However, the risk of lung cancer is significantly higher in people who smoke. The risk of lung cancer increases with the length of time and number of cigarettes smoked. If you quit smoking, even after smoking for many years, you can significantly reduce your chances of developing lung cancer."
What potential drug targets are currently being investigated in clinical trials for SCLC?,"Novel drug targets under investigation in clinical trials for SCLC include poly(ADP-ripose) polymerase 1 (PARP1), immune checkpoints, stem cell targets, and fibroblast growth factor receptor (FGFR).","Document(page_content='translational approach that incorporates discovery and\nprioritization of candidate drugs and/or targets in preclin-\nical models, as well as well-designed correlative studies aspart of each clinical trial to better define those patients\nmost likely to benefit from specific therapeutic\napproaches.\nToward this goal, a major initiative to characterize\ndrug sensitivity is ongoing at the NCI through the Devel-\nopmental Therapeutics Program, which is investigatingmore than 400 targeted drugs and 100 FDA-approved on-cology therapies in a panel of >60 SCLC cell lines.\nResults from this drug screen and other ongoing preclini-\ncal effortsâ€”combined with an integrated analysis of themolecular profiles of these SCLC cell lines\n75(eg, muta-\ntions, amplifications, deletions, or alterations at the pro-\ntein or pathway levels that correspond to drugsensitivity)â€”will provide important leads that can be vali-\ndated in the laboratory and taken forward into clinical tri-', metadata={'page': 76, 'source': '/content/drive/MyDrive/healthcare_RAG_data/MergedFiles.pdf'})"," Several potential drug targets are currently being investigated in clinical trials for SCLC. These include poly(ADP-ripose) polymerase 1 (PARP1), immune checkpoints, stem cell targets, and fibroblast growth factor receptor (FGFR). In addition, novel bio-informatics approaches have opened new avenues for exploring existing data, including the identification of existing drugs that potentially could be repurposed for SCLC treatment."
